{"cameraMode":{"drawMode":0,"name":"Shaded","section":"Shading Mode"},"sceneLighting":true,"audioPlay":false,"sceneViewState":{"m_AlwaysRefresh":false,"showFog":true,"showSkybox":false,"showFlares":true,"showImageEffects":true,"showParticleSystems":true,"showVisualEffectGraphs":true,"m_FxEnabled":true},"in2DMode":false,"pivot":{"x":-41.308921813964847,"y":2.1072287559509279,"z":14.502493858337403},"rotation":{"x":-0.22391407191753388,"y":-0.08991061896085739,"z":0.02074708789587021,"w":-0.9702485799789429},"size":2.872281312942505,"orthographic":false}