{"cameraMode":{"drawMode":0,"name":"Shaded","section":"Shading Mode"},"sceneLighting":true,"audioPlay":false,"sceneViewState":{"m_AlwaysRefresh":false,"showFog":true,"showSkybox":false,"showFlares":true,"showImageEffects":true,"showParticleSystems":true,"showVisualEffectGraphs":true,"m_FxEnabled":true},"in2DMode":false,"pivot":{"x":41.01591110229492,"y":10.32229995727539,"z":10.296834945678711},"rotation":{"x":-0.24952878057956696,"y":0.02962384559214115,"z":-0.007638414856046438,"w":-0.9679022431373596},"size":2.872281312942505,"orthographic":false}