{"cameraMode":{"drawMode":0,"name":"Shaded","section":"Shading Mode"},"sceneLighting":true,"audioPlay":false,"sceneViewState":{"m_AlwaysRefresh":false,"showFog":true,"showSkybox":true,"showFlares":true,"showImageEffects":true,"showParticleSystems":true,"showVisualEffectGraphs":true,"m_FxEnabled":true},"in2DMode":false,"pivot":{"x":-6.685666084289551,"y":0.3601231276988983,"z":5.568449020385742},"rotation":{"x":0.2785201966762543,"y":-0.015539050102233887,"z":0.004538850858807564,"w":0.960230827331543},"size":22.63294219970703,"orthographic":false}