{"cameraMode":{"drawMode":0,"name":"Shaded","section":"Shading Mode"},"sceneLighting":true,"audioPlay":false,"sceneViewState":{"m_AlwaysRefresh":false,"showFog":true,"showSkybox":true,"showFlares":true,"showImageEffects":true,"showParticleSystems":true,"showVisualEffectGraphs":true,"m_FxEnabled":true},"in2DMode":false,"pivot":{"x":-0.8589489459991455,"y":-8.168122291564942,"z":16.36882972717285},"rotation":{"x":-0.2641369700431824,"y":0.002023708075284958,"z":-0.0005538815166801214,"w":-0.964482307434082},"size":16.22852897644043,"orthographic":false}