{"cameraMode":{"drawMode":0,"name":"Shaded","section":"Shading Mode"},"sceneLighting":true,"audioPlay":false,"sceneViewState":{"m_AlwaysRefresh":false,"showFog":true,"showSkybox":true,"showFlares":true,"showImageEffects":true,"showParticleSystems":true,"showVisualEffectGraphs":true,"m_FxEnabled":true},"in2DMode":false,"pivot":{"x":-0.2833046019077301,"y":3.2706520557403566,"z":-4.528377056121826},"rotation":{"x":0.29724574089050295,"y":-0.0025676873046904804,"z":0.0008039692766033113,"w":0.954791247844696},"size":16.22852897644043,"orthographic":false}