{"cameraMode":{"drawMode":0,"name":"Shaded","section":"Shading Mode"},"sceneLighting":false,"audioPlay":false,"sceneViewState":{"m_AlwaysRefresh":false,"showFog":true,"showSkybox":false,"showFlares":true,"showImageEffects":true,"showParticleSystems":true,"showVisualEffectGraphs":true,"m_FxEnabled":true},"in2DMode":false,"pivot":{"x":-41.497039794921878,"y":7.024188041687012,"z":14.950458526611329},"rotation":{"x":-0.12309994548559189,"y":-0.1476912796497345,"z":0.018528250977396966,"w":-0.9811744689941406},"size":3.3537213802337648,"orthographic":false}