{"cameraMode":{"drawMode":0,"name":"Shaded","section":"Shading Mode"},"sceneLighting":true,"audioPlay":false,"sceneViewState":{"m_AlwaysRefresh":false,"showFog":true,"showSkybox":true,"showFlares":true,"showImageEffects":true,"showParticleSystems":true,"showVisualEffectGraphs":true,"m_FxEnabled":true},"in2DMode":false,"pivot":{"x":-22.238094329833986,"y":15.601873397827149,"z":-23.746109008789064},"rotation":{"x":-0.16159887611865998,"y":-0.003851982532069087,"z":0.0006302546244114637,"w":-0.9868654608726502},"size":5.467311382293701,"orthographic":false}